28910,ALAMIGE,194,
65685,AQNMM,5715,
25488,baiyi1,5768,
55822,baochun,5768,
60215,Beauty Skin Care,5715,
5178,Beauty_gallery,5769,
57340,bengbu33,5768,
57192,bill,5715,
67617,Black Ocean,5715,
25007,cetuur,5715,
63842,chenzhi,5715,
10431,coolerfire leather goods store,5715,
57631,Cytrade,5777,
12365,feisidi,194,
61174,FHNS,5715,
67647,five bear,5715,
34115,FJKJHKGHJGK,5777,
29300,FmlPet,5777,
66213,fordecro,5712,
8514,Future life,5715,
57647,GAHAHFFD,5769,
62023,Home's Store,5712,
66577,jieminst,5715,
40324,jinmaikewenhua,5715,
39318,JKSHFSFSHDKJ,5712,
28348,juntengDS,194,
66851,keg,5713,
1344,Lechengguo Commerce Ltd.,5777,
44526,liahererunjen,5715,
32993,Lucky star666,5976,
7777,lvweikeji,5777,
46514,mqkz1,5712,
64548,Nisivey,5768,
17679,NorthCity,5769,
35040,Qwe112233,5777,
57438,sanyasanbuyubaokuan,5777,
65569,StoreBrand,5712,
67308,Super king,5715,
60088,Super many orders,194,
33144,sweet love,5768,
41350,tengcandua,194,
62677,tojiqbite888,5715,
39202,wukongji,5715,
38922,xianxianst,5715,
3543,xingyi factory,5777,
63611,yangkest,5715,
10339,Yishun Trading,5715,
31135,YOJESSY OFFICIAL STORE,5715,
24304,Zun la,5715,
34711,ZYZZ,5713,
